<?xml version="1.0" encoding="UTF-8"?>
<GenRun Id="impl_1" LaunchPart="xc7a100tcsg324-1" LaunchTime="1606241024">
  <File Type="PWROPT-DRC" Name="Final_module_drc_pwropted.rpt"/>
  <File Type="OPT-METHODOLOGY-DRC" Name="Final_module_methodology_drc_opted.rpt"/>
  <File Type="INIT-TIMING" Name="Final_module_timing_summary_init.rpt"/>
  <File Type="ROUTE-PWR-RPX" Name="Final_module_power_routed.rpx"/>
  <File Type="PA-TCL" Name="Final_module.tcl"/>
  <File Type="OPT-HWDEF" Name="Final_module.hwdef"/>
  <File Type="RDI-RDI" Name="Final_module.vdi"/>
  <File Type="OPT-DCP" Name="Final_module_opt.dcp"/>
  <File Type="OPT-DRC" Name="Final_module_drc_opted.rpt"/>
  <File Type="OPT-TIMING" Name="Final_module_timing_summary_opted.rpt"/>
  <File Type="PWROPT-DCP" Name="Final_module_pwropt.dcp"/>
  <File Type="PWROPT-TIMING" Name="Final_module_timing_summary_pwropted.rpt"/>
  <File Type="PLACE-DCP" Name="Final_module_placed.dcp"/>
  <File Type="PLACE-IO" Name="Final_module_io_placed.rpt"/>
  <File Type="PLACE-CLK" Name="Final_module_clock_utilization_placed.rpt"/>
  <File Type="PLACE-UTIL" Name="Final_module_utilization_placed.rpt"/>
  <File Type="PLACE-UTIL-PB" Name="Final_module_utilization_placed.pb"/>
  <File Type="PLACE-CTRL" Name="Final_module_control_sets_placed.rpt"/>
  <File Type="PLACE-SIMILARITY" Name="Final_module_incremental_reuse_placed.rpt"/>
  <File Type="PLACE-PRE-SIMILARITY" Name="Final_module_incremental_reuse_pre_placed.rpt"/>
  <File Type="PLACE-TIMING" Name="Final_module_timing_summary_placed.rpt"/>
  <File Type="POSTPLACE-PWROPT-DCP" Name="Final_module_postplace_pwropt.dcp"/>
  <File Type="POSTPLACE-PWROPT-TIMING" Name="Final_module_timing_summary_postplace_pwropted.rpt"/>
  <File Type="PHYSOPT-DCP" Name="Final_module_physopt.dcp"/>
  <File Type="PHYSOPT-DRC" Name="Final_module_drc_physopted.rpt"/>
  <File Type="PHYSOPT-TIMING" Name="Final_module_timing_summary_physopted.rpt"/>
  <File Type="ROUTE-ERROR-DCP" Name="Final_module_routed_error.dcp"/>
  <File Type="ROUTE-DCP" Name="Final_module_routed.dcp"/>
  <File Type="ROUTE-BLACKBOX-DCP" Name="Final_module_routed_bb.dcp"/>
  <File Type="ROUTE-DRC" Name="Final_module_drc_routed.rpt"/>
  <File Type="ROUTE-DRC-PB" Name="Final_module_drc_routed.pb"/>
  <File Type="BG-BIN" Name="Final_module.bin"/>
  <File Type="ROUTE-DRC-RPX" Name="Final_module_drc_routed.rpx"/>
  <File Type="BG-DRC" Name="Final_module.drc"/>
  <File Type="ROUTE-METHODOLOGY-DRC" Name="Final_module_methodology_drc_routed.rpt"/>
  <File Type="BITSTR-MSK" Name="Final_module.msk"/>
  <File Type="ROUTE-METHODOLOGY-DRC-RPX" Name="Final_module_methodology_drc_routed.rpx"/>
  <File Type="BG-BGN" Name="Final_module.bgn"/>
  <File Type="ROUTE-METHODOLOGY-DRC-PB" Name="Final_module_methodology_drc_routed.pb"/>
  <File Type="ROUTE-PWR" Name="Final_module_power_routed.rpt"/>
  <File Type="ROUTE-PWR-SUM" Name="Final_module_power_summary_routed.pb"/>
  <File Type="ROUTE-STATUS" Name="Final_module_route_status.rpt"/>
  <File Type="ROUTE-STATUS-PB" Name="Final_module_route_status.pb"/>
  <File Type="ROUTE-TIMINGSUMMARY" Name="Final_module_timing_summary_routed.rpt"/>
  <File Type="ROUTE-TIMING-PB" Name="Final_module_timing_summary_routed.pb"/>
  <File Type="ROUTE-TIMING-RPX" Name="Final_module_timing_summary_routed.rpx"/>
  <File Type="ROUTE-SIMILARITY" Name="Final_module_incremental_reuse_routed.rpt"/>
  <File Type="ROUTE-CLK" Name="Final_module_clock_utilization_routed.rpt"/>
  <File Type="POSTROUTE-PHYSOPT-DCP" Name="Final_module_postroute_physopt.dcp"/>
  <File Type="POSTROUTE-PHYSOPT-BLACKBOX-DCP" Name="Final_module_postroute_physopt_bb.dcp"/>
  <File Type="POSTROUTE-PHYSOPT-TIMING" Name="Final_module_timing_summary_postroute_physopted.rpt"/>
  <File Type="POSTROUTE-PHYSOPT-TIMING-PB" Name="Final_module_timing_summary_postroute_physopted.pb"/>
  <File Type="POSTROUTE-PHYSOPT-TIMING-RPX" Name="Final_module_timing_summary_postroute_physopted.rpx"/>
  <File Type="BG-BIT" Name="Final_module.bit"/>
  <File Type="BITSTR-RBT" Name="Final_module.rbt"/>
  <File Type="BITSTR-NKY" Name="Final_module.nky"/>
  <File Type="BITSTR-BMM" Name="Final_module_bd.bmm"/>
  <File Type="BITSTR-MMI" Name="Final_module.mmi"/>
  <File Type="BITSTR-SYSDEF" Name="Final_module.sysdef"/>
  <File Type="WBT-USG" Name="usage_statistics_webtalk.html"/>
  <FileSet Name="sources" Type="DesignSrcs" RelSrcDir="$PSRCDIR/sources_1">
    <Filter Type="Srcs"/>
    <File Path="$PPRDIR/MUX_2_to_1.v">
      <FileInfo>
        <Attr Name="UsedIn" Val="synthesis"/>
        <Attr Name="UsedIn" Val="implementation"/>
        <Attr Name="UsedIn" Val="simulation"/>
      </FileInfo>
    </File>
    <File Path="$PPRDIR/DFlipFlop.v">
      <FileInfo>
        <Attr Name="UsedIn" Val="synthesis"/>
        <Attr Name="UsedIn" Val="implementation"/>
        <Attr Name="UsedIn" Val="simulation"/>
      </FileInfo>
    </File>
    <File Path="$PPRDIR/n_bit_register.v">
      <FileInfo>
        <Attr Name="UsedIn" Val="synthesis"/>
        <Attr Name="UsedIn" Val="implementation"/>
        <Attr Name="UsedIn" Val="simulation"/>
      </FileInfo>
    </File>
    <File Path="$PPRDIR/shifter.v">
      <FileInfo>
        <Attr Name="UsedIn" Val="synthesis"/>
        <Attr Name="UsedIn" Val="implementation"/>
        <Attr Name="UsedIn" Val="simulation"/>
      </FileInfo>
    </File>
    <File Path="$PPRDIR/Full_Adder.v">
      <FileInfo>
        <Attr Name="UsedIn" Val="synthesis"/>
        <Attr Name="UsedIn" Val="implementation"/>
        <Attr Name="UsedIn" Val="simulation"/>
      </FileInfo>
    </File>
    <File Path="$PPRDIR/TwoByOneMux.v">
      <FileInfo>
        <Attr Name="UsedIn" Val="synthesis"/>
        <Attr Name="UsedIn" Val="implementation"/>
        <Attr Name="UsedIn" Val="simulation"/>
      </FileInfo>
    </File>
    <File Path="$PPRDIR/RegFile.v">
      <FileInfo>
        <Attr Name="UsedIn" Val="synthesis"/>
        <Attr Name="UsedIn" Val="implementation"/>
        <Attr Name="UsedIn" Val="simulation"/>
      </FileInfo>
    </File>
    <File Path="$PSRCDIR/sources_1/new/Hazard_detection_unit.v">
      <FileInfo>
        <Attr Name="UsedIn" Val="synthesis"/>
        <Attr Name="UsedIn" Val="implementation"/>
        <Attr Name="UsedIn" Val="simulation"/>
      </FileInfo>
    </File>
    <File Path="$PPRDIR/defines.v">
      <FileInfo>
        <Attr Name="UsedIn" Val="synthesis"/>
        <Attr Name="UsedIn" Val="implementation"/>
        <Attr Name="UsedIn" Val="simulation"/>
      </FileInfo>
    </File>
    <File Path="$PPRDIR/ControlUnit.v">
      <FileInfo>
        <Attr Name="UsedIn" Val="synthesis"/>
        <Attr Name="UsedIn" Val="implementation"/>
        <Attr Name="UsedIn" Val="simulation"/>
      </FileInfo>
    </File>
    <File Path="$PPRDIR/BranchUnit.v">
      <FileInfo>
        <Attr Name="UsedIn" Val="synthesis"/>
        <Attr Name="UsedIn" Val="implementation"/>
        <Attr Name="UsedIn" Val="simulation"/>
      </FileInfo>
    </File>
    <File Path="$PPRDIR/UART_receiver_switch.v">
      <FileInfo>
        <Attr Name="UsedIn" Val="synthesis"/>
        <Attr Name="UsedIn" Val="implementation"/>
        <Attr Name="UsedIn" Val="simulation"/>
      </FileInfo>
    </File>
    <File Path="$PSRCDIR/sources_1/new/Forwarding_unit.v">
      <FileInfo>
        <Attr Name="UsedIn" Val="synthesis"/>
        <Attr Name="UsedIn" Val="implementation"/>
        <Attr Name="UsedIn" Val="simulation"/>
      </FileInfo>
    </File>
    <File Path="$PPRDIR/ALU_Control_Unit.v">
      <FileInfo>
        <Attr Name="UsedIn" Val="synthesis"/>
        <Attr Name="UsedIn" Val="implementation"/>
        <Attr Name="UsedIn" Val="simulation"/>
      </FileInfo>
    </File>
    <File Path="$PPRDIR/ImmGen.v">
      <FileInfo>
        <Attr Name="UsedIn" Val="synthesis"/>
        <Attr Name="UsedIn" Val="implementation"/>
        <Attr Name="UsedIn" Val="simulation"/>
      </FileInfo>
    </File>
    <File Path="$PPRDIR/nbitMux.v">
      <FileInfo>
        <Attr Name="UsedIn" Val="synthesis"/>
        <Attr Name="UsedIn" Val="implementation"/>
        <Attr Name="UsedIn" Val="simulation"/>
      </FileInfo>
    </File>
    <File Path="$PPRDIR/ALU.v">
      <FileInfo>
        <Attr Name="UsedIn" Val="synthesis"/>
        <Attr Name="UsedIn" Val="implementation"/>
        <Attr Name="UsedIn" Val="simulation"/>
      </FileInfo>
    </File>
    <File Path="$PPRDIR/RCA4.v">
      <FileInfo>
        <Attr Name="UsedIn" Val="synthesis"/>
        <Attr Name="UsedIn" Val="implementation"/>
        <Attr Name="UsedIn" Val="simulation"/>
      </FileInfo>
    </File>
    <File Path="$PSRCDIR/sources_1/new/SingleMem.v">
      <FileInfo>
        <Attr Name="UsedIn" Val="synthesis"/>
        <Attr Name="UsedIn" Val="implementation"/>
        <Attr Name="UsedIn" Val="simulation"/>
      </FileInfo>
    </File>
    <File Path="$PPRDIR/UART_receiver_multiple_Keys.v">
      <FileInfo>
        <Attr Name="UsedIn" Val="synthesis"/>
        <Attr Name="UsedIn" Val="implementation"/>
        <Attr Name="UsedIn" Val="simulation"/>
      </FileInfo>
    </File>
    <File Path="$PPRDIR/BCD.v">
      <FileInfo>
        <Attr Name="UsedIn" Val="synthesis"/>
        <Attr Name="UsedIn" Val="implementation"/>
        <Attr Name="UsedIn" Val="simulation"/>
      </FileInfo>
    </File>
    <File Path="$PPRDIR/RICV_Processor.v">
      <FileInfo>
        <Attr Name="UsedIn" Val="synthesis"/>
        <Attr Name="UsedIn" Val="implementation"/>
        <Attr Name="UsedIn" Val="simulation"/>
      </FileInfo>
    </File>
    <File Path="$PPRDIR/Final_module.v">
      <FileInfo>
        <Attr Name="UsedIn" Val="synthesis"/>
        <Attr Name="UsedIn" Val="implementation"/>
        <Attr Name="UsedIn" Val="simulation"/>
      </FileInfo>
    </File>
    <File Path="$PPRDIR/InstMem.v">
      <FileInfo>
        <Attr Name="AutoDisabled" Val="1"/>
        <Attr Name="UsedIn" Val="synthesis"/>
        <Attr Name="UsedIn" Val="implementation"/>
        <Attr Name="UsedIn" Val="simulation"/>
      </FileInfo>
    </File>
    <File Path="$PPRDIR/DataMem.v">
      <FileInfo>
        <Attr Name="AutoDisabled" Val="1"/>
        <Attr Name="UsedIn" Val="synthesis"/>
        <Attr Name="UsedIn" Val="implementation"/>
        <Attr Name="UsedIn" Val="simulation"/>
      </FileInfo>
    </File>
    <File Path="$PSRCDIR/sources_1/new/comparator.v">
      <FileInfo>
        <Attr Name="AutoDisabled" Val="1"/>
        <Attr Name="UsedIn" Val="synthesis"/>
        <Attr Name="UsedIn" Val="implementation"/>
        <Attr Name="UsedIn" Val="simulation"/>
      </FileInfo>
    </File>
    <Config>
      <Option Name="DesignMode" Val="RTL"/>
      <Option Name="TopModule" Val="Final_module"/>
    </Config>
  </FileSet>
  <FileSet Name="constrs_in" Type="Constrs" RelSrcDir="$PSRCDIR/constrs_1">
    <Filter Type="Constrs"/>
    <File Path="$PSRCDIR/constrs_1/imports/project_12/const.xdc">
      <FileInfo>
        <Attr Name="ImportPath" Val="$PPRDIR/const.xdc"/>
        <Attr Name="ImportTime" Val="1603046198"/>
        <Attr Name="UsedIn" Val="synthesis"/>
        <Attr Name="UsedIn" Val="implementation"/>
      </FileInfo>
    </File>
    <Config>
      <Option Name="ConstrsType" Val="XDC"/>
    </Config>
  </FileSet>
  <Strategy Version="1" Minor="2">
    <StratHandle Name="Vivado Implementation Defaults" Flow="Vivado Implementation 2016"/>
    <Step Id="init_design"/>
    <Step Id="opt_design"/>
    <Step Id="power_opt_design"/>
    <Step Id="place_design"/>
    <Step Id="post_place_power_opt_design"/>
    <Step Id="phys_opt_design"/>
    <Step Id="route_design"/>
    <Step Id="post_route_phys_opt_design"/>
    <Step Id="write_bitstream"/>
  </Strategy>
</GenRun>
