<?xml version="1.0" encoding="UTF-8"?>
<GenRun Id="synth_1" LaunchPart="xc7a100tcsg324-1" LaunchTime="1603046225">
  <File Type="RDS-PROPCONSTRS" Name="Final_module_drc_synth.rpt"/>
  <File Type="PA-TCL" Name="Final_module.tcl"/>
  <File Type="RDS-RDS" Name="Final_module.vds"/>
  <File Type="RDS-UTIL" Name="Final_module_utilization_synth.rpt"/>
  <File Type="RDS-UTIL-PB" Name="Final_module_utilization_synth.pb"/>
  <File Type="RDS-DCP" Name="Final_module.dcp"/>
  <File Type="VDS-TIMINGSUMMARY" Name="Final_module_timing_summary_synth.rpt"/>
  <File Type="VDS-TIMING-PB" Name="Final_module_timing_summary_synth.pb"/>
  <FileSet Name="sources" Type="DesignSrcs" RelSrcDir="$PSRCDIR/sources_1">
    <Filter Type="Srcs"/>
    <File Path="$PSRCDIR/sources_1/new/TwoByOneMux.v">
      <FileInfo>
        <Attr Name="ImportPath" Val="$PPRDIR/../../../../AppData/Roaming/Xilinx/Vivado/Documents/Final_module/Final_module.srcs/sources_1/new/TwoByOneMux.v"/>
        <Attr Name="ImportTime" Val="1602549782"/>
        <Attr Name="UsedIn" Val="synthesis"/>
        <Attr Name="UsedIn" Val="implementation"/>
        <Attr Name="UsedIn" Val="simulation"/>
      </FileInfo>
    </File>
    <File Path="$PSRCDIR/sources_1/new/Full_Adder.v">
      <FileInfo>
        <Attr Name="ImportPath" Val="$PPRDIR/../../../../AppData/Roaming/Xilinx/Vivado/Documents/Final_module/Final_module.srcs/sources_1/new/Full_Adder.v"/>
        <Attr Name="ImportTime" Val="1602549649"/>
        <Attr Name="UsedIn" Val="synthesis"/>
        <Attr Name="UsedIn" Val="implementation"/>
        <Attr Name="UsedIn" Val="simulation"/>
      </FileInfo>
    </File>
    <File Path="$PSRCDIR/sources_1/new/MUX_2_to_1.v">
      <FileInfo>
        <Attr Name="ImportPath" Val="$PPRDIR/../../../../AppData/Roaming/Xilinx/Vivado/Documents/Final_module/Final_module.srcs/sources_1/new/MUX_2_to_1.v"/>
        <Attr Name="ImportTime" Val="1602549677"/>
        <Attr Name="UsedIn" Val="synthesis"/>
        <Attr Name="UsedIn" Val="implementation"/>
        <Attr Name="UsedIn" Val="simulation"/>
      </FileInfo>
    </File>
    <File Path="$PSRCDIR/sources_1/new/DFlipFlop.v">
      <FileInfo>
        <Attr Name="ImportPath" Val="$PPRDIR/../../../../AppData/Roaming/Xilinx/Vivado/Documents/Final_module/Final_module.srcs/sources_1/new/DFlipFlop.v"/>
        <Attr Name="ImportTime" Val="1602549614"/>
        <Attr Name="UsedIn" Val="synthesis"/>
        <Attr Name="UsedIn" Val="implementation"/>
        <Attr Name="UsedIn" Val="simulation"/>
      </FileInfo>
    </File>
    <File Path="$PSRCDIR/sources_1/new/RCA4.v">
      <FileInfo>
        <Attr Name="ImportPath" Val="$PPRDIR/../../../../AppData/Roaming/Xilinx/Vivado/Documents/Final_module/Final_module.srcs/sources_1/new/RCA4.v"/>
        <Attr Name="ImportTime" Val="1602549715"/>
        <Attr Name="UsedIn" Val="synthesis"/>
        <Attr Name="UsedIn" Val="implementation"/>
        <Attr Name="UsedIn" Val="simulation"/>
      </FileInfo>
    </File>
    <File Path="$PSRCDIR/sources_1/new/nbitMux.v">
      <FileInfo>
        <Attr Name="ImportPath" Val="$PPRDIR/../../../../AppData/Roaming/Xilinx/Vivado/Documents/Final_module/Final_module.srcs/sources_1/new/nbitMux.v"/>
        <Attr Name="ImportTime" Val="1602549827"/>
        <Attr Name="UsedIn" Val="synthesis"/>
        <Attr Name="UsedIn" Val="implementation"/>
        <Attr Name="UsedIn" Val="simulation"/>
      </FileInfo>
    </File>
    <File Path="$PSRCDIR/sources_1/new/n_bit_register.v">
      <FileInfo>
        <Attr Name="ImportPath" Val="$PPRDIR/../../../../AppData/Roaming/Xilinx/Vivado/Documents/Final_module/Final_module.srcs/sources_1/new/n_bit_register.v"/>
        <Attr Name="ImportTime" Val="1602549807"/>
        <Attr Name="UsedIn" Val="synthesis"/>
        <Attr Name="UsedIn" Val="implementation"/>
        <Attr Name="UsedIn" Val="simulation"/>
      </FileInfo>
    </File>
    <File Path="$PSRCDIR/sources_1/new/UART_receiver_switch.v">
      <FileInfo>
        <Attr Name="ImportPath" Val="$PPRDIR/../../../../AppData/Roaming/Xilinx/Vivado/Documents/Final_module/Final_module.srcs/sources_1/new/UART_receiver_switch.v"/>
        <Attr Name="ImportTime" Val="1602552395"/>
        <Attr Name="UsedIn" Val="synthesis"/>
        <Attr Name="UsedIn" Val="implementation"/>
        <Attr Name="UsedIn" Val="simulation"/>
      </FileInfo>
    </File>
    <File Path="$PSRCDIR/sources_1/new/shift_left_1.v">
      <FileInfo>
        <Attr Name="ImportPath" Val="$PPRDIR/../../../../AppData/Roaming/Xilinx/Vivado/Documents/Final_module/Final_module.srcs/sources_1/new/shift_left_1.v"/>
        <Attr Name="ImportTime" Val="1602549846"/>
        <Attr Name="UsedIn" Val="synthesis"/>
        <Attr Name="UsedIn" Val="implementation"/>
        <Attr Name="UsedIn" Val="simulation"/>
      </FileInfo>
    </File>
    <File Path="$PSRCDIR/sources_1/new/InstMem.v">
      <FileInfo>
        <Attr Name="ImportPath" Val="$PPRDIR/../../../../AppData/Roaming/Xilinx/Vivado/Documents/Final_module/Final_module.srcs/sources_1/new/InstMem.v"/>
        <Attr Name="ImportTime" Val="1602553735"/>
        <Attr Name="UsedIn" Val="synthesis"/>
        <Attr Name="UsedIn" Val="implementation"/>
        <Attr Name="UsedIn" Val="simulation"/>
      </FileInfo>
    </File>
    <File Path="$PSRCDIR/sources_1/new/ImmGen.v">
      <FileInfo>
        <Attr Name="ImportPath" Val="$PPRDIR/../../../../AppData/Roaming/Xilinx/Vivado/Documents/Final_module/Final_module.srcs/sources_1/new/ImmGen.v"/>
        <Attr Name="ImportTime" Val="1602553988"/>
        <Attr Name="UsedIn" Val="synthesis"/>
        <Attr Name="UsedIn" Val="implementation"/>
        <Attr Name="UsedIn" Val="simulation"/>
      </FileInfo>
    </File>
    <File Path="$PSRCDIR/sources_1/new/DataMem.v">
      <FileInfo>
        <Attr Name="ImportPath" Val="$PPRDIR/../../../../AppData/Roaming/Xilinx/Vivado/Documents/Final_module/Final_module.srcs/sources_1/new/DataMem.v"/>
        <Attr Name="ImportTime" Val="1602553649"/>
        <Attr Name="UsedIn" Val="synthesis"/>
        <Attr Name="UsedIn" Val="implementation"/>
        <Attr Name="UsedIn" Val="simulation"/>
      </FileInfo>
    </File>
    <File Path="$PSRCDIR/sources_1/new/ControlUnit.v">
      <FileInfo>
        <Attr Name="ImportPath" Val="$PPRDIR/../../../../AppData/Roaming/Xilinx/Vivado/Documents/Final_module/Final_module.srcs/sources_1/new/ControlUnit.v"/>
        <Attr Name="ImportTime" Val="1602550744"/>
        <Attr Name="UsedIn" Val="synthesis"/>
        <Attr Name="UsedIn" Val="implementation"/>
        <Attr Name="UsedIn" Val="simulation"/>
      </FileInfo>
    </File>
    <File Path="$PSRCDIR/sources_1/new/ALU_Control_Unit.v">
      <FileInfo>
        <Attr Name="ImportPath" Val="$PPRDIR/../../../../AppData/Roaming/Xilinx/Vivado/Documents/Final_module/Final_module.srcs/sources_1/new/ALU_Control_Unit.v"/>
        <Attr Name="ImportTime" Val="1602550520"/>
        <Attr Name="UsedIn" Val="synthesis"/>
        <Attr Name="UsedIn" Val="implementation"/>
        <Attr Name="UsedIn" Val="simulation"/>
      </FileInfo>
    </File>
    <File Path="$PSRCDIR/sources_1/new/ALU.v">
      <FileInfo>
        <Attr Name="ImportPath" Val="$PPRDIR/../../../../AppData/Roaming/Xilinx/Vivado/Documents/Final_module/Final_module.srcs/sources_1/new/ALU.v"/>
        <Attr Name="ImportTime" Val="1602550762"/>
        <Attr Name="UsedIn" Val="synthesis"/>
        <Attr Name="UsedIn" Val="implementation"/>
        <Attr Name="UsedIn" Val="simulation"/>
      </FileInfo>
    </File>
    <File Path="$PSRCDIR/sources_1/new/RegFile.v">
      <FileInfo>
        <Attr Name="ImportPath" Val="$PPRDIR/../../../../AppData/Roaming/Xilinx/Vivado/Documents/Final_module/Final_module.srcs/sources_1/new/RegFile.v"/>
        <Attr Name="ImportTime" Val="1602549756"/>
        <Attr Name="UsedIn" Val="synthesis"/>
        <Attr Name="UsedIn" Val="implementation"/>
        <Attr Name="UsedIn" Val="simulation"/>
      </FileInfo>
    </File>
    <File Path="$PSRCDIR/sources_1/new/UART_receiver_multiple_Keys.v">
      <FileInfo>
        <Attr Name="ImportPath" Val="$PPRDIR/../../../../AppData/Roaming/Xilinx/Vivado/Documents/Final_module/Final_module.srcs/sources_1/new/UART_receiver_multiple_Keys.v"/>
        <Attr Name="ImportTime" Val="1602552362"/>
        <Attr Name="UsedIn" Val="synthesis"/>
        <Attr Name="UsedIn" Val="implementation"/>
        <Attr Name="UsedIn" Val="simulation"/>
      </FileInfo>
    </File>
    <File Path="$PSRCDIR/sources_1/new/BCD.v">
      <FileInfo>
        <Attr Name="ImportPath" Val="$PPRDIR/../../../../AppData/Roaming/Xilinx/Vivado/Documents/Final_module/Final_module.srcs/sources_1/new/BCD.v"/>
        <Attr Name="ImportTime" Val="1602552963"/>
        <Attr Name="UsedIn" Val="synthesis"/>
        <Attr Name="UsedIn" Val="implementation"/>
        <Attr Name="UsedIn" Val="simulation"/>
      </FileInfo>
    </File>
    <File Path="$PSRCDIR/sources_1/new/RICV_Processor.v">
      <FileInfo>
        <Attr Name="ImportPath" Val="$PPRDIR/../../../../AppData/Roaming/Xilinx/Vivado/Documents/Final_module/Final_module.srcs/sources_1/new/RICV_Processor.v"/>
        <Attr Name="ImportTime" Val="1602556333"/>
        <Attr Name="UsedIn" Val="synthesis"/>
        <Attr Name="UsedIn" Val="implementation"/>
        <Attr Name="UsedIn" Val="simulation"/>
      </FileInfo>
    </File>
    <File Path="$PSRCDIR/sources_1/new/Final_module.v">
      <FileInfo>
        <Attr Name="ImportPath" Val="$PPRDIR/../../../../AppData/Roaming/Xilinx/Vivado/Documents/Final_module/Final_module.srcs/sources_1/new/Final_module.v"/>
        <Attr Name="ImportTime" Val="1602556751"/>
        <Attr Name="UsedIn" Val="synthesis"/>
        <Attr Name="UsedIn" Val="implementation"/>
        <Attr Name="UsedIn" Val="simulation"/>
      </FileInfo>
    </File>
    <Config>
      <Option Name="DesignMode" Val="RTL"/>
      <Option Name="TopModule" Val="Final_module"/>
    </Config>
  </FileSet>
  <FileSet Name="constrs_in" Type="Constrs" RelSrcDir="$PSRCDIR/constrs_1">
    <Filter Type="Constrs"/>
    <File Path="$PSRCDIR/constrs_1/new/const.xdc">
      <FileInfo>
        <Attr Name="ImportPath" Val="$PPRDIR/../../../../AppData/Roaming/Xilinx/Vivado/Documents/Final_module/Final_module.srcs/constrs_1/new/const.xdc"/>
        <Attr Name="ImportTime" Val="1602554483"/>
        <Attr Name="UsedIn" Val="synthesis"/>
        <Attr Name="UsedIn" Val="implementation"/>
      </FileInfo>
    </File>
    <Config>
      <Option Name="ConstrsType" Val="XDC"/>
    </Config>
  </FileSet>
  <Strategy Version="1" Minor="2">
    <StratHandle Name="Vivado Synthesis Defaults" Flow="Vivado Synthesis 2016"/>
    <Step Id="synth_design"/>
  </Strategy>
</GenRun>
